{
  "count": 2,
  "ks": [
    5,
    10,
    15,
    20,
    25
  ],
  "methods": [
    "baseline",
    "filter",
    "rerank",
    "filter_rerank"
  ],
  "macro": {
    "baseline": {
      "5": {
        "hit": 1.0,
        "precision": 0.2,
        "recall": 0.6,
        "mrr": 0.5,
        "ndcg": 0.42245800915299253
      },
      "10": {
        "hit": 1.0,
        "precision": 0.1,
        "recall": 0.6,
        "mrr": 0.5,
        "ndcg": 0.42245800915299253
      },
      "15": {
        "hit": 1.0,
        "precision": 0.06666666666666667,
        "recall": 0.6,
        "mrr": 0.5,
        "ndcg": 0.42245800915299253
      },
      "20": {
        "hit": 1.0,
        "precision": 0.1,
        "recall": 0.8,
        "mrr": 0.5,
        "ndcg": 0.5003034944299227
      },
      "25": {
        "hit": 1.0,
        "precision": 0.08,
        "recall": 0.8,
        "mrr": 0.5,
        "ndcg": 0.5003034944299227
      }
    },
    "filter": {
      "5": {
        "hit": 0.5,
        "precision": 0.1,
        "recall": 0.5,
        "mrr": 0.25,
        "ndcg": 0.31546487678572877
      },
      "10": {
        "hit": 0.5,
        "precision": 0.05,
        "recall": 0.5,
        "mrr": 0.25,
        "ndcg": 0.31546487678572877
      },
      "15": {
        "hit": 0.5,
        "precision": 0.03333333333333333,
        "recall": 0.5,
        "mrr": 0.25,
        "ndcg": 0.31546487678572877
      },
      "20": {
        "hit": 0.5,
        "precision": 0.025,
        "recall": 0.5,
        "mrr": 0.25,
        "ndcg": 0.31546487678572877
      },
      "25": {
        "hit": 0.5,
        "precision": 0.02,
        "recall": 0.5,
        "mrr": 0.25,
        "ndcg": 0.31546487678572877
      }
    },
    "rerank": {
      "5": {
        "hit": 1.0,
        "precision": 0.2,
        "recall": 0.6,
        "mrr": 0.5,
        "ndcg": 0.42245800915299253
      },
      "10": {
        "hit": 1.0,
        "precision": 0.1,
        "recall": 0.6,
        "mrr": 0.5,
        "ndcg": 0.42245800915299253
      },
      "15": {
        "hit": 1.0,
        "precision": 0.06666666666666667,
        "recall": 0.6,
        "mrr": 0.5,
        "ndcg": 0.42245800915299253
      },
      "20": {
        "hit": 1.0,
        "precision": 0.1,
        "recall": 0.8,
        "mrr": 0.5,
        "ndcg": 0.5003034944299227
      },
      "25": {
        "hit": 1.0,
        "precision": 0.08,
        "recall": 0.8,
        "mrr": 0.5,
        "ndcg": 0.5003034944299227
      }
    },
    "filter_rerank": {
      "5": {
        "hit": 0.0,
        "precision": 0.0,
        "recall": 0.0,
        "mrr": 0.0,
        "ndcg": 0.0
      },
      "10": {
        "hit": 0.0,
        "precision": 0.0,
        "recall": 0.0,
        "mrr": 0.0,
        "ndcg": 0.0
      },
      "15": {
        "hit": 0.0,
        "precision": 0.0,
        "recall": 0.0,
        "mrr": 0.0,
        "ndcg": 0.0
      },
      "20": {
        "hit": 0.0,
        "precision": 0.0,
        "recall": 0.0,
        "mrr": 0.0,
        "ndcg": 0.0
      },
      "25": {
        "hit": 0.0,
        "precision": 0.0,
        "recall": 0.0,
        "mrr": 0.0,
        "ndcg": 0.0
      }
    }
  },
  "micro": {
    "baseline": {
      "5": {
        "precision": 0.2,
        "recall": 0.045454545454545456
      },
      "10": {
        "precision": 0.1,
        "recall": 0.045454545454545456
      },
      "15": {
        "precision": 0.06666666666666667,
        "recall": 0.045454545454545456
      },
      "20": {
        "precision": 0.1,
        "recall": 0.09090909090909091
      },
      "25": {
        "precision": 0.08,
        "recall": 0.09090909090909091
      }
    },
    "filter": {
      "5": {
        "precision": 0.1,
        "recall": 0.022727272727272728
      },
      "10": {
        "precision": 0.05,
        "recall": 0.022727272727272728
      },
      "15": {
        "precision": 0.03333333333333333,
        "recall": 0.022727272727272728
      },
      "20": {
        "precision": 0.025,
        "recall": 0.022727272727272728
      },
      "25": {
        "precision": 0.02,
        "recall": 0.022727272727272728
      }
    },
    "rerank": {
      "5": {
        "precision": 0.2,
        "recall": 0.045454545454545456
      },
      "10": {
        "precision": 0.1,
        "recall": 0.045454545454545456
      },
      "15": {
        "precision": 0.06666666666666667,
        "recall": 0.045454545454545456
      },
      "20": {
        "precision": 0.1,
        "recall": 0.09090909090909091
      },
      "25": {
        "precision": 0.08,
        "recall": 0.09090909090909091
      }
    },
    "filter_rerank": {
      "5": {
        "precision": 0.0,
        "recall": 0.0
      },
      "10": {
        "precision": 0.0,
        "recall": 0.0
      },
      "15": {
        "precision": 0.0,
        "recall": 0.0
      },
      "20": {
        "precision": 0.0,
        "recall": 0.0
      },
      "25": {
        "precision": 0.0,
        "recall": 0.0
      }
    }
  }
}