{
  "count": 12,
  "ks": [
    5,
    10,
    15,
    20,
    25
  ],
  "methods": [
    "baseline",
    "filter",
    "rerank",
    "filter_rerank"
  ],
  "macro": {
    "baseline": {
      "5": {
        "hit": 0.5,
        "precision": 0.10000000000000002,
        "recall": 0.29791666666666666,
        "mrr": 0.16944444444444443,
        "ndcg": 0.1704970593045292
      },
      "10": {
        "hit": 0.6666666666666666,
        "precision": 0.09166666666666667,
        "recall": 0.3847222222222222,
        "mrr": 0.1906084656084656,
        "ndcg": 0.21471446242671544
      },
      "15": {
        "hit": 0.75,
        "precision": 0.08888888888888889,
        "recall": 0.47152777777777777,
        "mrr": 0.19616402116402118,
        "ndcg": 0.2522848503961035
      },
      "20": {
        "hit": 0.75,
        "precision": 0.07916666666666668,
        "recall": 0.5256944444444445,
        "mrr": 0.19616402116402118,
        "ndcg": 0.27278621781062434
      },
      "25": {
        "hit": 0.8333333333333334,
        "precision": 0.06999999999999999,
        "recall": 0.6229166666666667,
        "mrr": 0.20013227513227513,
        "ndcg": 0.2969033600750211
      }
    },
    "filter": {
      "5": {
        "hit": 0.25,
        "precision": 0.05000000000000001,
        "recall": 0.25,
        "mrr": 0.09027777777777778,
        "ndcg": 0.13013385930373755
      },
      "10": {
        "hit": 0.3333333333333333,
        "precision": 0.041666666666666664,
        "recall": 0.2916666666666667,
        "mrr": 0.1021825396825397,
        "ndcg": 0.1512403491121597
      },
      "15": {
        "hit": 0.3333333333333333,
        "precision": 0.027777777777777776,
        "recall": 0.2916666666666667,
        "mrr": 0.1021825396825397,
        "ndcg": 0.1512403491121597
      },
      "20": {
        "hit": 0.3333333333333333,
        "precision": 0.020833333333333332,
        "recall": 0.2916666666666667,
        "mrr": 0.1021825396825397,
        "ndcg": 0.1512403491121597
      },
      "25": {
        "hit": 0.3333333333333333,
        "precision": 0.016666666666666666,
        "recall": 0.2916666666666667,
        "mrr": 0.1021825396825397,
        "ndcg": 0.1512403491121597
      }
    },
    "rerank": {
      "5": {
        "hit": 0.4166666666666667,
        "precision": 0.10000000000000002,
        "recall": 0.18333333333333335,
        "mrr": 0.23611111111111113,
        "ndcg": 0.17854313449265624
      },
      "10": {
        "hit": 0.5833333333333334,
        "precision": 0.075,
        "recall": 0.37083333333333335,
        "mrr": 0.2604166666666667,
        "ndcg": 0.2447784060146659
      },
      "15": {
        "hit": 0.5833333333333334,
        "precision": 0.05555555555555555,
        "recall": 0.39166666666666666,
        "mrr": 0.2604166666666667,
        "ndcg": 0.2538528861036852
      },
      "20": {
        "hit": 0.5833333333333334,
        "precision": 0.05833333333333334,
        "recall": 0.4666666666666666,
        "mrr": 0.2604166666666667,
        "ndcg": 0.28261017276287054
      },
      "25": {
        "hit": 0.5833333333333334,
        "precision": 0.04666666666666667,
        "recall": 0.4666666666666666,
        "mrr": 0.2604166666666667,
        "ndcg": 0.28261017276287054
      }
    },
    "filter_rerank": {
      "5": {
        "hit": 0.0,
        "precision": 0.0,
        "recall": 0.0,
        "mrr": 0.0,
        "ndcg": 0.0
      },
      "10": {
        "hit": 0.08333333333333333,
        "precision": 0.008333333333333333,
        "recall": 0.08333333333333333,
        "mrr": 0.011904761904761904,
        "ndcg": 0.027777777777777776
      },
      "15": {
        "hit": 0.08333333333333333,
        "precision": 0.005555555555555556,
        "recall": 0.08333333333333333,
        "mrr": 0.011904761904761904,
        "ndcg": 0.027777777777777776
      },
      "20": {
        "hit": 0.08333333333333333,
        "precision": 0.004166666666666667,
        "recall": 0.08333333333333333,
        "mrr": 0.011904761904761904,
        "ndcg": 0.027777777777777776
      },
      "25": {
        "hit": 0.08333333333333333,
        "precision": 0.0033333333333333335,
        "recall": 0.08333333333333333,
        "mrr": 0.011904761904761904,
        "ndcg": 0.027777777777777776
      }
    }
  },
  "micro": {
    "baseline": {
      "5": {
        "precision": 0.1,
        "recall": 0.13636363636363635
      },
      "10": {
        "precision": 0.09166666666666666,
        "recall": 0.25
      },
      "15": {
        "precision": 0.08888888888888889,
        "recall": 0.36363636363636365
      },
      "20": {
        "precision": 0.07916666666666666,
        "recall": 0.4318181818181818
      },
      "25": {
        "precision": 0.07,
        "recall": 0.4772727272727273
      }
    },
    "filter": {
      "5": {
        "precision": 0.05,
        "recall": 0.06818181818181818
      },
      "10": {
        "precision": 0.041666666666666664,
        "recall": 0.11363636363636363
      },
      "15": {
        "precision": 0.027777777777777776,
        "recall": 0.11363636363636363
      },
      "20": {
        "precision": 0.020833333333333332,
        "recall": 0.11363636363636363
      },
      "25": {
        "precision": 0.016666666666666666,
        "recall": 0.11363636363636363
      }
    },
    "rerank": {
      "5": {
        "precision": 0.15,
        "recall": 0.13636363636363635
      },
      "10": {
        "precision": 0.1125,
        "recall": 0.20454545454545456
      },
      "15": {
        "precision": 0.08333333333333333,
        "recall": 0.22727272727272727
      },
      "20": {
        "precision": 0.0875,
        "recall": 0.3181818181818182
      },
      "25": {
        "precision": 0.07,
        "recall": 0.3181818181818182
      }
    },
    "filter_rerank": {
      "5": {
        "precision": 0.0,
        "recall": 0.0
      },
      "10": {
        "precision": 0.014285714285714285,
        "recall": 0.022727272727272728
      },
      "15": {
        "precision": 0.009523809523809525,
        "recall": 0.022727272727272728
      },
      "20": {
        "precision": 0.007142857142857143,
        "recall": 0.022727272727272728
      },
      "25": {
        "precision": 0.005714285714285714,
        "recall": 0.022727272727272728
      }
    }
  }
}